{"cameraMode":{"drawMode":0,"name":"Shaded","section":"Shading Mode"},"sceneLighting":false,"audioPlay":false,"sceneViewState":{"showFog":true,"showMaterialUpdate":false,"showSkybox":false,"showFlares":true,"showImageEffects":true,"showParticleSystems":true},"in2DMode":false,"pivot":{"x":2.5726375579833986,"y":17.196613311767579,"z":-9.435938835144043},"rotation":{"x":-0.239872008562088,"y":0.7600118517875671,"z":-0.44475966691970827,"w":-0.4084598422050476},"size":2.6630353927612306,"orthographic":false}